{
  "project_info": {
    "project_number": "287830053994",
    "firebase_url": "https://keepmoments-47873.firebaseio.com",
    "project_id": "keepmoments-47873",
    "storage_bucket": "keepmoments-47873.appspot.com"
  },
  "client": [
    {
      "client_info": {
        "mobilesdk_app_id": "1:287830053994:android:e19263dd3481a05544a613",
        "android_client_info": {
          "package_name": "com.example.keepmoments"
        }
      },
      "oauth_client": [
        {
          "client_id": "287830053994-fdvt7ck2f6t8ia3deq4hd928dfuf35sq.apps.googleusercontent.com",
          "client_type": 3
        }
      ],
      "api_key": [
        {
          "current_key": "AIzaSyCK5qt__8GqwoRZuhLtuM8E13QVrNt3Kaw"
        }
      ],
      "services": {
        "appinvite_service": {
          "other_platform_oauth_client": [
            {
              "client_id": "287830053994-fdvt7ck2f6t8ia3deq4hd928dfuf35sq.apps.googleusercontent.com",
              "client_type": 3
            }
          ]
        }
      }
    }
  ],
  "configuration_version": "1"
}